,count,references
See Anatomy,321,Anatomy
See Law,151,Law
See Medicine,131,Medicine
See Chemistry,119,Chemistry
See Astronomy,112,Astronomy
See Botany,59,Botany
See Scots Law,54,Scots Law
See Surgery,52,Surgery
See Mechanics,48,Mechanics
See Optics,37,Optics
See Agriculture,32,Agriculture
See Architecture,29,Architecture
See Geometry,28,Geometry
See Grammar,27,Grammar
See Pneumatics,21,Pneumatics
See Natural History,19,Natural History
See Arithmetic,18,Arithmetic
See Navigation,18,Navigation
See Algebra,18,Algebra
See Cyprinus,17,Cyprinus
See Geography,16,Geography
See Falco,16,Falco
See Metaphysics,16,Metaphysics
See Sparus,16,Sparus
See Music,15,Music
See Midwifery,14,Midwifery
See Anas,13,Anas
See Hydrostatics,13,Hydrostatics
See Logic,13,Logic
See Farriery,12,Farriery
See Fortification,11,Fortification
See Mus,11,Mus
See Motacilla,11,Motacilla
See Coluber,11,Coluber
See Cervus,10,Cervus
See Anat,10,Anat
See Apis,10,Apis
See Commerce,10,Commerce
See Lacerta,10,Lacerta
See Bos,10,Bos
See Loxia,9,Loxia
See Book-keeping,9,Book-keeping
See Composition,9,Composition
See Fringilla,9,Fringilla
"See Medi
cine",9,"Medi
cine"
"See Ana
tomy",9,"Ana
tomy"
See Arithmetick,9,Arithmetick
See Conic Sections,9,Conic Sections
See Squalus,8,Squalus
"See Che
mistry",8,"Che
mistry"
See Mustela,8,Mustela
"See Me
dicine",8,"Me
dicine"
See Musick,8,Musick
See Gadus,8,Gadus
See Fluxions,7,Fluxions
"See Scots
Law",7,"Scots
Law"
See Perca,7,Perca
"See Anato
my",7,"Anato
my"
"See Mecha
nics",7,"Mecha
nics"
See Money,7,Money
See Clupea,7,Clupea
See Salmo,7,Salmo
See Sus,7,Sus
"See Architec
ture",7,"Architec
ture"
See Prunus,7,Prunus
See Tetrao,7,Tetrao
See Columba,6,Columba
See Larus,6,Larus
See Polygonum,6,Polygonum
See Religion,6,Religion
See Binle,6,Binle
See Brewing,6,Brewing
See Dialling,6,Dialling
See the preceding article,6,the preceding article
See Tanning,6,Tanning
See Citrus,6,Citrus
See Capra,6,Capra
See Corvus,6,Corvus
See Ardea,6,Ardea
See Artemisia,5,Artemisia
See Tit,5,Tit
See Rana,5,Rana
See Felis,5,Felis
See Scolopax,5,Scolopax
See Castor,5,Castor
See Equus,5,Equus
See Anemone,5,Anemone
See Pleuronectes,5,Pleuronectes
See Fee,5,Fee
See Ship,5,Ship
See Gardening,5,Gardening
See Rhamnus,5,Rhamnus
See Glass,5,Glass
See Iris,5,Iris
See Morals,5,Morals
See Trigonometry,5,Trigonometry
See Generation,4,Generation
See Parliament,4,Parliament
See Cross,4,Cross
See Fire,4,Fire
See Spar,4,Spar
See Salvia,4,Salvia
See Origanum,4,Origanum
See Gryllus,4,Gryllus
See Mimosa,4,Mimosa
See Bud,4,Bud
See Antirrhinum,4,Antirrhinum
See Strix,4,Strix
See Flax,4,Flax
"See Astrono
my",4,"Astrono
my"
See Convolvulus,4,Convolvulus
See Flag,4,Flag
See Cucumis,4,Cucumis
See Juniperus,4,Juniperus
See Printing,4,Printing
See tit,4,tit
See Cinchona,4,Cinchona
See Ranunculus,4,Ranunculus
See Ovis,4,Ovis
"See Astro
nomy",4,"Astro
nomy"
See Watch,4,Watch
See Gunnery,4,Gunnery
See Fagus,3,Fagus
See Salt,3,Salt
See Orchis,3,Orchis
See Echinus,3,Echinus
See Part VI,3,Part VI
See Phasianus,3,Phasianus
See Mirabilis,3,Mirabilis
"See Chemis
try",3,"Chemis
try"
See Barry,3,Barry
See Illecebrum,3,Illecebrum
See Raia,3,Raia
See Alauda,3,Alauda
See Psittacus,3,Psittacus
See Aranea,3,Aranea
See Delphinus,3,Delphinus
See Veronica,3,Veronica
"See Archi
tecture",3,"Archi
tecture"
See Caryophyllus,3,Caryophyllus
See Lathyrus,3,Lathyrus
See Crystal,3,Crystal
See Hypericum,3,Hypericum
See Sal mo,3,Sal mo
See Pyrus,3,Pyrus
"See Medicine
and Surgery",3,"Medicine
and Surgery"
See Rumex,3,Rumex
"See A-
stronomy",3,"A-
stronomy"
See Lamium,3,Lamium
See Conus,3,Conus
See Mentha,3,Mentha
"See thefe
articles",3,"thefe
articles"
See As,3,As
See Mythology,3,Mythology
See Alkali,3,Alkali
See Cucurbita,3,Cucurbita
"See Natural
History",3,"Natural
History"
See Cloth,3,Cloth
See Vaccinium,3,Vaccinium
See Parus,3,Parus
See Helianthus,3,Helianthus
See Egg,3,Egg
See Rhus,3,Rhus
See Arundo,3,Arundo
See Bacchanalia,3,Bacchanalia
See Quercus,3,Quercus
See Lepus,3,Lepus
See Gasterosteus,3,Gasterosteus
See Campanula,3,Campanula
See Natrum,3,Natrum
See Accipenser,3,Accipenser
See Carbuncle,3,Carbuncle
See Porcelain,3,Porcelain
See Ilex,3,Ilex
See Anatomy p,3,Anatomy p
See Perspective,3,Perspective
See Melissa,3,Melissa
See Arum,3,Arum
See Electricity,3,Electricity
See Pipe,3,Pipe
See Gallium,3,Gallium
See Teucrium,3,Teucrium
See Amygdalus,3,Amygdalus
See Battery,3,Battery
See Painting,3,Painting
See Point,3,Point
See Rosa,3,Rosa
See Zeus,3,Zeus
See Fumaria,3,Fumaria
"See Sur
gery",3,"Sur
gery"
See Volcano,3,Volcano
See Bend,3,Bend
See Theobroma,3,Theobroma
See Centaurea,3,Centaurea
See Voluta,3,Voluta
See Can is,3,Can is
See Colymbus,3,Colymbus
See Cassia,3,Cassia
See Leo,3,Leo
See Bill,3,Bill
"See Mid
wifery",3,"Mid
wifery"
See Logic and Metaphysics,3,Logic and Metaphysics
See Lycoperdon,3,Lycoperdon
See Raja,3,Raja
See Brassica,3,Brassica
See Vol I,3,Vol I
See Tantalus,3,Tantalus
See Letter,3,Letter
See Blood,3,Blood
See the laft article,3,the laft article
See Emberiza,3,Emberiza
See Sacrifice,3,Sacrifice
See Solanum,3,Solanum
See Sedum,3,Sedum
"See Geo
metry",3,"Geo
metry"
See Alcedo,3,Alcedo
See Anatom y,3,Anatom y
See Anatomy-,3,Anatomy-
See Anchusa,3,Anchusa
See Charadrius,3,Charadrius
See Church,3,Church
See Cuculus,2,Cuculus
See Relievo,2,Relievo
See Exocoetus,2,Exocoetus
See Pulmonaria,2,Pulmonaria
See Meleagris,2,Meleagris
See Ancyle,2,Ancyle
See Polygala,2,Polygala
See Physeter,2,Physeter
See Stocks,2,Stocks
"See Com
position",2,"Com
position"
See Pelicanus,2,Pelicanus
See Crocus,2,Crocus
"See Arith
metic",2,"Arith
metic"
See Symphytum,2,Symphytum
See Verbena,2,Verbena
See Bromelia,2,Bromelia
See Alienation,2,Alienation
See Medicne,2,Medicne
See Ostrea,2,Ostrea
See Atropa,2,Atropa
See Pregnancy,2,Pregnancy
See Tea,2,Tea
See Cinara,2,Cinara
See Enamel,2,Enamel
See Amasia,2,Amasia
See Water,2,Water
See Unguis,2,Unguis
See Poinciana,2,Poinciana
"See Me
chanics",2,"Me
chanics"
See ,2,
"See Meta
physics",2,"Meta
physics"
See Guaiacum,2,Guaiacum
See Xeranthemum,2,Xeranthemum
See Convallaria,2,Convallaria
See Cancer,2,Cancer
See Chemi stry,2,Chemi stry
See Azores,2,Azores
See Carduus,2,Carduus
See Ceratonia,2,Ceratonia
See Buceros,2,Buceros
See Hedera,2,Hedera
See Bail,2,Bail
See Baking,2,Baking
See Scrophularia,2,Scrophularia
See Cypripedium,2,Cypripedium
See Balistes,2,Balistes
See Corylus,2,Corylus
See Asper,2,Asper
See Ratio,2,Ratio
See Hyosciamus,2,Hyosciamus
See Homo,2,Homo
See Buphthalmum,2,Buphthalmum
See Wool,2,Wool
See Justice,2,Justice
See Habit,2,Habit
See Gryllotalpa,2,Gryllotalpa
See Kermes,2,Kermes
"See A-
STRONOMY",2,"A-
STRONOMY"
See Scale,2,Scale
See Primula,2,Primula
See Populus,2,Populus
See Vitex,2,Vitex
See Boa,2,Boa
See Angle,2,Angle
See Chyle,2,Chyle
See Labrus,2,Labrus
See Term,2,Term
See Drama,2,Drama
See Anacardium,2,Anacardium
See Pinus,2,Pinus
See Saliva,2,Saliva
See Law Tit,2,Law Tit
See Carum,2,Carum
See Cannon,2,Cannon
See Silk,2,Silk
See Navy,2,Navy
See Mu sick,2,Mu sick
See Salii,2,Salii
See Archjtecture,2,Archjtecture
See Natolia,2,Natolia
See Wine,2,Wine
See Laurus,2,Laurus
See Crown,2,Crown
See Stews,2,Stews
See Star-stone,2,Star-stone
See Medicine and Surgery,2,Medicine and Surgery
See Centronia,2,Centronia
See Kali,2,Kali
See Deluge,2,Deluge
See Mine,2,Mine
See Rope,2,Rope
See Punica,2,Punica
"See Hydrosta
tics",2,"Hydrosta
tics"
See Scabiosa,2,Scabiosa
See Tanacetum,2,Tanacetum
See Oniscus,2,Oniscus
See Daucus,2,Daucus
See Appeal,2,Appeal
"See For
tification",2,"For
tification"
See Albigenses,2,Albigenses
See Aloe,2,Aloe
See Nutrition,2,Nutrition
See Chrysanthemum,2,Chrysanthemum
See Filtration,2,Filtration
See Foundery,2,Foundery
See Linra,2,Linra
See Patella,2,Patella
See Mass,2,Mass
See Struthio,2,Struthio
"See Chemi
stry",2,"Chemi
stry"
See Reseda,2,Reseda
See High,2,High
See Passover,2,Passover
See Ambo,2,Ambo
See Theriaca,2,Theriaca
See Gobius,2,Gobius
See Hirundo,2,Hirundo
See Acer,2,Acer
See Burial,2,Burial
See Mahometanism,2,Mahometanism
"See Sym
pathy",2,"Sym
pathy"
See Turdus,2,Turdus
See Cactus,2,Cactus
See Cannahis,2,Cannahis
See Abbot,2,Abbot
See An atomy,2,An atomy
See Hebrew,2,Hebrew
See Brass,2,Brass
See Magi,2,Magi
See Matricaria,2,Matricaria
See Adelia,2,Adelia
"See Gram
mar",2,"Gram
mar"
See Dying,2,Dying
See Sculpture,2,Sculpture
See Esox,2,Esox
See Marble,2,Marble
"See Lo
gic",2,"Lo
gic"
See Zannichellia,2,Zannichellia
See Bath,2,Bath
See Monodon,2,Monodon
"See Naviga
tion",2,"Naviga
tion"
See Abscess,2,Abscess
See Marubium,2,Marubium
See Rallus,2,Rallus
See Measure,2,Measure
See Phaseolus,2,Phaseolus
See Pastinaca,2,Pastinaca
"See Bo
tany",2,"Bo
tany"
See Allium,2,Allium
See Blight,2,Blight
See Arbutus,2,Arbutus
See Ammoniac,2,Ammoniac
See Ruby,2,Ruby
See Euphorbia,2,Euphorbia
See Root,2,Root
See Art,2,Art
See Limax,2,Limax
See Sciurus,2,Sciurus
See Tangent,2,Tangent
See Linum,2,Linum
See Cichorium,2,Cichorium
See Molucca,2,Molucca
See Colutea,2,Colutea
See Camelus,2,Camelus
"See Agricul
ture",2,"Agricul
ture"
See Piper,2,Piper
See Fishing,2,Fishing
See Alca,2,Alca
See Silurus,2,Silurus
See Dancette,2,Dancette
See Filipendula,2,Filipendula
See Augury,2,Augury
See Galega,2,Galega
"See Navi
gation",2,"Navi
gation"
See Gout,2,Gout
See PI,2,PI
See Freezing,2,Freezing
See Bey,2,Bey
See Battle,2,Battle
See Tropjeolum,2,Tropjeolum
See Language,2,Language
See Ononis,2,Ononis
See Platalea,2,Platalea
See Viola,2,Viola
See Caprimulgus,2,Caprimulgus
See Metal,2,Metal
See Gnaphalium,2,Gnaphalium
See Vicia,2,Vicia
See Mortmain,2,Mortmain
"See Al
chemy",2,"Al
chemy"
See Syngnathus,2,Syngnathus
See Predestination,2,Predestination
See Borough,2,Borough
See Bile,2,Bile
See Paroxysm,2,Paroxysm
See Passiflora,2,Passiflora
"See A-
natomy",2,"A-
natomy"
See Grace,2,Grace
"See the
next article",2,"the
next article"
See Opium,2,Opium
"See Hydro
statics",2,"Hydro
statics"
"See Geo
graphy",2,"Geo
graphy"
See Rod,2,Rod
See Creed,2,Creed
See Bishop,2,Bishop
See Bezant,2,Bezant
See King,2,King
See Milk,2,Milk
See Canis,2,Canis
See Heraldry,2,Heraldry
See Nardus,2,Nardus
See Verbesina,2,Verbesina
See Food,2,Food
See Tussilago,2,Tussilago
See Myrica,2,Myrica
See Amber,2,Amber
See Cobitis,2,Cobitis
See Dictionary,2,Dictionary
See Agistment,2,Agistment
See Bass,2,Bass
See Buttress,2,Buttress
See Alum,2,Alum
See Leontodon,2,Leontodon
See Relief,2,Relief
See Hatching,2,Hatching
See Si mi a,2,Si mi a
See Didelphis,2,Didelphis
See Acanthus,2,Acanthus
See Vitis,2,Vitis
See Sarracena,2,Sarracena
See Adiantum,2,Adiantum
See Phoca,2,Phoca
See Anethum,2,Anethum
See Putrefaction,2,Putrefaction
See Lustration,2,Lustration
See Pantomime,2,Pantomime
See Irony,2,Irony
See Assizer,1,Assizer
See Spigelia,1,Spigelia
See Agio,1,Agio
See the Revd,1,the Revd
See Fuel and Fire,1,Fuel and Fire
See Spergula,1,Spergula
See Biel,1,Biel
"See Wri
tings",1,"Wri
tings"
See Spiraea,1,Spiraea
See AxATOMY,1,AxATOMY
See Garter,1,Garter
See Coenobite,1,Coenobite
See Gobi us,1,Gobi us
See Widow,1,Widow
See Ruppia,1,Ruppia
See Accessary,1,Accessary
See Physalis,1,Physalis
See Carinbee,1,Carinbee
See Ketmia,1,Ketmia
See Lacca,1,Lacca
"See Mus-
qy et",1,"Mus-
qy et"
See Amnis,1,Amnis
See Cucumjs,1,Cucumjs
See Aphrodita,1,Aphrodita
See Fringe,1,Fringe
See Fraxinus,1,Fraxinus
"See La
minating",1,"La
minating"
"See Cir-
CiEA",1,"Cir-
CiEA"
"See Gram
ma a",1,"Gram
ma a"
See Anchor,1,Anchor
See Magnet,1,Magnet
See Stuff,1,Stuff
See Tenor,1,Tenor
See Tall,1,Tall
See Phlegmon,1,Phlegmon
"See Book
VOLUNTARY",1,"Book
VOLUNTARY"
See Epic,1,Epic
See Trenches,1,Trenches
See Agony,1,Agony
See Candle,1,Candle
See Time and Measure,1,Time and Measure
See Constable,1,Constable
See Table,1,Table
See Factor,1,Factor
See Cobalt,1,Cobalt
See Plumbery and Jar,1,Plumbery and Jar
See Blare,1,Blare
See Eridanus,1,Eridanus
See Attenuants,1,Attenuants
See Plantag,1,Plantag
See Rear,1,Rear
See Sq_alvs,1,Sq_alvs
See Hordeum,1,Hordeum
See Lime,1,Lime
See Medusa,1,Medusa
See Nereis,1,Nereis
See Breste,1,Breste
See Level,1,Level
See the article,1,the article
See Dysentery,1,Dysentery
See California,1,California
See Aquifolium,1,Aquifolium
See Poland,1,Poland
See Magnitude,1,Magnitude
See Squilla,1,Squilla
See Burning-glasses,1,Burning-glasses
See Counter-tenor,1,Counter-tenor
See Asarum,1,Asarum
"See Trigonome
try",1,"Trigonome
try"
See the article Moon,1,the article Moon
See Freight,1,Freight
See § 2,1,§ 2
See Turous,1,Turous
See Cratjegus,1,Cratjegus
See Mexico,1,Mexico
See Dyeing,1,Dyeing
See Detergents,1,Detergents
"See Pow
TENTILLA",1,"Pow
TENTILLA"
See Ti pula,1,Ti pula
See Fever,1,Fever
See Witchcraft,1,Witchcraft
See Pjederota,1,Pjederota
See Isatis,1,Isatis
See Basso-relievo,1,Basso-relievo
"See Christo
ph ori an a",1,"Christo
ph ori an a"
See Board,1,Board
See Cinnamon,1,Cinnamon
See Archon,1,Archon
See Anthericum,1,Anthericum
"See A-
rithmetick",1,"A-
rithmetick"
See Festival,1,Festival
See Conic,1,Conic
See Ealco,1,Ealco
See Asterias,1,Asterias
"See the article Alen-
tejo",1,"the article Alen-
tejo"
See Ascii,1,Ascii
See Geog'raphy,1,Geog'raphy
See Histrix,1,Histrix
"See Abridge
ment
SUMMER",1,"Abridge
ment
SUMMER"
See Arrache,1,Arrache
See Chalk,1,Chalk
See Essoin,1,Essoin
See Geranium,1,Geranium
"See Hundred
WAR",1,"Hundred
WAR"
See Washino,1,Washino
See Saturnalia,1,Saturnalia
See Pleursnectes,1,Pleursnectes
See Abatis,1,Abatis
See Centauria,1,Centauria
See Empetrum,1,Empetrum
See Free,1,Free
See Tripoli,1,Tripoli
See Asclepias,1,Asclepias
See Meal,1,Meal
See Dissolvent,1,Dissolvent
See Cynosurus,1,Cynosurus
See Small-Vox,1,Small-Vox
See Reason,1,Reason
See Grai,1,Grai
"See DyingI
BROWNISTS",1,"DyingI
BROWNISTS"
See Moss,1,Moss
See Prendre,1,Prendre
See the article Bath,1,the article Bath
See Xanthium,1,Xanthium
"See Alte
rants",1,"Alte
rants"
"See the next article*
GRANULATION",1,"the next article*
GRANULATION"
See Murex,1,Murex
"See Basio-
GLOSSUM",1,"Basio-
GLOSSUM"
See Act,1,Act
See Account,1,Account
"See Re-
PLEVEN",1,"Re-
PLEVEN"
See Chesteb{,1,Chesteb{
See Tun,1,Tun
See Ruta,1,Ruta
"See M«-
Chanics",1,"M«-
Chanics"
See Emperor,1,Emperor
See Ducking,1,Ducking
"See Parti
and Point",1,"Parti
and Point"
See Ommenburg,1,Ommenburg
See Cyder,1,Cyder
See page 197,1,page 197
"See Sep
ta Rim",1,"Sep
ta Rim"
See Vespa,1,Vespa
See Serratula,1,Serratula
See Rhi nan thus,1,Rhi nan thus
See Agrarian Law,1,Agrarian Law
"See Polygon
ENNEAHEDRIA",1,"Polygon
ENNEAHEDRIA"
See Almond,1,Almond
See Mahometan ism,1,Mahometan ism
See Justicia,1,Justicia
See Coach,1,Coach
See Merges,1,Merges
See Appurtenances,1,Appurtenances
See Bamboe,1,Bamboe
See Indigo,1,Indigo
"See Li-
r VADIA",1,"Li-
r VADIA"
See Denunciation,1,Denunciation
See Uranoscopus,1,Uranoscopus
See architecture,1,architecture
See Caliph,1,Caliph
See Whey,1,Whey
See Astronom y,1,Astronom y
See Chamber-^tw,1,Chamber-^tw
"See the article AEchmalo-
tarcha",1,"the article AEchmalo-
tarcha"
See Heralory,1,Heralory
See Talmud,1,Talmud
See Ricinus,1,Ricinus
See Ambury,1,Ambury
"See Sol
dering",1,"Sol
dering"
See Fable,1,Fable
"See Practical Geome
try",1,"Practical Geome
try"
See Pelican,1,Pelican
See Ingrailed,1,Ingrailed
See the articles Diamond,1,the articles Diamond
See Boiling,1,Boiling
See Dianucum,1,Dianucum
See Homer,1,Homer
"See Medi
cine and Surgery",1,"Medi
cine and Surgery"
"See Forti
fication",1,"Forti
fication"
See Chapel,1,Chapel
See Mug in,1,Mug in
See Cairo,1,Cairo
See Tetrodon,1,Tetrodon
See Momordica,1,Momordica
See Imputation,1,Imputation
See Mahometans,1,Mahometans
"See Acronical-
ACHYR",1,"Acronical-
ACHYR"
See Cipher and Ink,1,Cipher and Ink
See Am adabat,1,Am adabat
See Corn,1,Corn
See Confarreat 1 on,1,Confarreat 1 on
"See Fran
ciscans",1,"Fran
ciscans"
See Astronomy; p,1,Astronomy; p
See Feast,1,Feast
"See Natural Hi
story
ZOOPHIT",1,"Natural Hi
story
ZOOPHIT"
"See the earth at / and
at*",1,"the earth at / and
at*"
"See Printing-
press",1,"Printing-
press"
See Bombax,1,Bombax
See Deist,1,Deist
See Fisheries,1,Fisheries
See Procellaria,1,Procellaria
See Dropsy,1,Dropsy
"See Lacerta
SEPTARIAS",1,"Lacerta
SEPTARIAS"
"See Medicine
HYPOCYSTIS",1,"Medicine
HYPOCYSTIS"
See Ogee,1,Ogee
See Canker,1,Canker
See Cyclopedia,1,Cyclopedia
See Mair,1,Mair
See Centurion and Cohort,1,Centurion and Cohort
"See Agri
culture",1,"Agri
culture"
See Cicada,1,Cicada
See Am phi sci 1,1,Am phi sci 1
See thefe ,1,thefe 
See Fomentation,1,Fomentation
See title,1,title
See Tordylium,1,Tordylium
See Phasi anus,1,Phasi anus
See Diamond,1,Diamond
See Bootes,1,Bootes
See Ball,1,Ball
See Prostates,1,Prostates
See Floral Leaf,1,Floral Leaf
"See thefe ar
ticles",1,"thefe ar
ticles"
See Iatrauptra,1,Iatrauptra
See Hyoides,1,Hyoides
See Scualus,1,Scualus
"See Anti
mony",1,"Anti
mony"
See Coppel,1,Coppel
See Slate,1,Slate
See Foeniculum,1,Foeniculum
See Hydrocele,1,Hydrocele
See Ana,1,Ana
See Irbil,1,Irbil
"See Metaphysics and
Logic",1,"Metaphysics and
Logic"
See FoRTiFiCATinN,1,FoRTiFiCATinN
See Boletus,1,Boletus
See Althea,1,Althea
See Althaea,1,Althaea
See Resemblance,1,Resemblance
See Arbiter,1,Arbiter
"See Guar
dian",1,"Guar
dian"
See Angel,1,Angel
See Strophe,1,Strophe
See Obelisk,1,Obelisk
"See AiscuLus
PAULIONISTS",1,"AiscuLus
PAULIONISTS"
See Arms,1,Arms
See Angles,1,Angles
See Equisetum,1,Equisetum
See Blindness,1,Blindness
See BACHERAC,1,BACHERAC
See Adansonta,1,Adansonta
See Behen,1,Behen
See Measure and Barrel,1,Measure and Barrel
See Allegory,1,Allegory
See Active,1,Active
See Cynoglossum,1,Cynoglossum
See Lasrus,1,Lasrus
"See Astro-
no mv",1,"Astro-
no mv"
See Bacciferous,1,Bacciferous
See Parricide,1,Parricide
See Aris,1,Aris
See Book-binding,1,Book-binding
See Amianthus,1,Amianthus
See Simony,1,Simony
See Pyrita;,1,Pyrita;
See Ballotade,1,Ballotade
See Nones,1,Nones
See Republic,1,Republic
See Mountain,1,Mountain
See Benzoin,1,Benzoin
See Bradytus,1,Bradytus
See Canicular,1,Canicular
See Abuttals,1,Abuttals
See Arithmeric,1,Arithmeric
See Alchimilla,1,Alchimilla
See Anodyne,1,Anodyne
See Lichnms,1,Lichnms
See Epithymum,1,Epithymum
See Albumen,1,Albumen
"See Ambergrease;
AMBRASI",1,"Ambergrease;
AMBRASI"
See Orobanchx,1,Orobanchx
See Hartshorn,1,Hartshorn
See Pruna,1,Pruna
"See Quarantine
EMBASSADOR",1,"Quarantine
EMBASSADOR"
See Zy-gophillum,1,Zy-gophillum
See Versification,1,Versification
See Thymus,1,Thymus
See Thalic'jtrum,1,Thalic'jtrum
"See Hal
lelujah",1,"Hal
lelujah"
See Designing,1,Designing
"See Al
mond",1,"Al
mond"
See P a re 1 r a Brava,1,P a re 1 r a Brava
"See Paint
ing",1,"Paint
ing"
See Usher,1,Usher
See Beauty,1,Beauty
See Peter’s Pence,1,Peter’s Pence
See Fluid,1,Fluid
See Baston,1,Baston
See the article Widow,1,the article Widow
"See Vulnera-
ries",1,"Vulnera-
ries"
See Fountain,1,Fountain
"See Rosa
EGRA",1,"Rosa
EGRA"
"See Crota-
LUS",1,"Crota-
LUS"
"See Anasarca and Me
dicine",1,"Anasarca and Me
dicine"
See Basautes,1,Basautes
"See the article
Divination",1,"the article
Divination"
See Gorgons,1,Gorgons
"See Osteo-
spermum",1,"Osteo-
spermum"
See Cardiospermum,1,Cardiospermum
See Sand,1,Sand
See Acre,1,Acre
"See Ram
part",1,"Ram
part"
See Armed,1,Armed
See Lysimachia,1,Lysimachia
"See Naviga-
tiom",1,"Naviga-
tiom"
"See Mecha-
CUNICULUS",1,"Mecha-
CUNICULUS"
See Pinax,1,Pinax
"See the article
Anvil",1,"the article
Anvil"
See Capful a atrabilaria,1,Capful a atrabilaria
See Dasyp,1,Dasyp
See Impatiens,1,Impatiens
See Phosphorus,1,Phosphorus
See Order,1,Order
See Qchra,1,Qchra
See Poison,1,Poison
See Neck,1,Neck
See Hofea i,1,Hofea i
See Oil,1,Oil
See Exportation,1,Exportation
See Ode,1,Ode
See Fungus,1,Fungus
See Carte,1,Carte
See Auca,1,Auca
See Decumana,1,Decumana
See Ordinate,1,Ordinate
See Testddo,1,Testddo
See Lan 1 us,1,Lan 1 us
See Calyx,1,Calyx
See Bacca,1,Bacca
See Orobanche,1,Orobanche
See Magna chart a,1,Magna chart a
See Indigofera,1,Indigofera
See Russia,1,Russia
See Harbour,1,Harbour
See Gn A FH A L IU M ,1,Gn A FH A L IU M 
See Adjuga,1,Adjuga
See Croton,1,Croton
See Devise,1,Devise
See Time,1,Time
See Consript and Senator,1,Consript and Senator
See Urn,1,Urn
See Felxs,1,Felxs
See Sulphur,1,Sulphur
See Banda,1,Banda
See Good-Hope,1,Good-Hope
See Adjunct,1,Adjunct
"See Composi
tion
RHEUM",1,"Composi
tion
RHEUM"
"See Barcallao
BABYLON",1,"Barcallao
BABYLON"
"See Rain
the idoly",1,"Rain
the idoly"
See Macoa,1,Macoa
See Smoks,1,Smoks
See Asjronomy,1,Asjronomy
See Myrmecophaga,1,Myrmecophaga
See Pappus,1,Pappus
See rhe article Pitch,1,rhe article Pitch
See Adiaphori sts,1,Adiaphori sts
See Depth,1,Depth
See Ordination,1,Ordination
See CyprlxCs,1,CyprlxCs
"See Ju-
GERUM",1,"Ju-
GERUM"
See Hirudo,1,Hirudo
See Mullet,1,Mullet
See Parc a:,1,Parc a:
"See Cham
ber",1,"Cham
ber"
See Cottus,1,Cottus
See CoryluS,1,CoryluS
See Citadel,1,Citadel
"See Me
taphysics",1,"Me
taphysics"
See Repellents,1,Repellents
See Certhia,1,Certhia
See Hook,1,Hook
"See Pis-
SELZEUM",1,"Pis-
SELZEUM"
See Lathrjea,1,Lathrjea
See Bufonites,1,Bufonites
See Rises,1,Rises
See Calendula,1,Calendula
See Advxce,1,Advxce
See the article Bendy,1,the article Bendy
See Ointment,1,Ointment
See Ligusticum,1,Ligusticum
See Net,1,Net
See Deism,1,Deism
See Electrigity,1,Electrigity
"See Salmon-
FISHING",1,"Salmon-
FISHING"
See Mould,1,Mould
See Detergent,1,Detergent
See Alps,1,Alps
See Adiaphorous,1,Adiaphorous
See Accendones,1,Accendones
"See Musick
TONGUE",1,"Musick
TONGUE"
See Alhidade,1,Alhidade
See Cro s s-bow,1,Cro s s-bow
"See Na
tural History",1,"Na
tural History"
See Nieper,1,Nieper
See Erysimum,1,Erysimum
"See Che
mistry
CRYSTALLOMANCY",1,"Che
mistry
CRYSTALLOMANCY"
"See Al
liance",1,"Al
liance"
See G-ryllus,1,G-ryllus
See Amethyst,1,Amethyst
"See He
xameter",1,"He
xameter"
See Calycanthus,1,Calycanthus
"See the 5th bar of the example in A fiat
in the three different compbfitions",1,"the 5th bar of the example in A fiat
in the three different compbfitions"
See Auditor,1,Auditor
See Precession,1,Precession
See Tragopogon,1,Tragopogon
See Talc,1,Talc
See Host,1,Host
See Altern,1,Altern
See Alamire,1,Alamire
See Air,1,Air
See Kalendar,1,Kalendar
See law,1,law
See Stop-,1,Stop-
See Simia,1,Simia
See Bard,1,Bard
See Cerbera,1,Cerbera
See Skink,1,Skink
"See Si mi
1 zoology",1,"Si mi
1 zoology"
See Alsine,1,Alsine
"See Peri
cardium",1,"Peri
cardium"
See Cade,1,Cade
See Manslaughter,1,Manslaughter
See Cerambyx,1,Cerambyx
See Trachinus,1,Trachinus
See Agric*ulture,1,Agric*ulture
See Drench,1,Drench
See Chem istry,1,Chem istry
See Cyclopterus,1,Cyclopterus
"See Oyis
WOOLWICH",1,"Oyis
WOOLWICH"
See Act;ea,1,Act;ea
See Motions,1,Motions
"See Martyrology
MENSA",1,"Martyrology
MENSA"
See Chemistery,1,Chemistery
See Hops,1,Hops
See Geometr,1,Geometr
See Cerate,1,Cerate
See Burgundy,1,Burgundy
See Bernburg,1,Bernburg
See Anchialus,1,Anchialus
See Book-keebing,1,Book-keebing
See Inula,1,Inula
See Froenum,1,Froenum
See Sc illy,1,Sc illy
See Parapet,1,Parapet
See Ansa;,1,Ansa;
"See Milium*
MILLING of cloth",1,"Milium*
MILLING of cloth"
See Jutland,1,Jutland
See Presbyterian,1,Presbyterian
See Prunella,1,Prunella
See Abduction,1,Abduction
See Counter,1,Counter
See Intrassants,1,Intrassants
See Et h i cs,1,Et h i cs
See Boyau,1,Boyau
See Gaming,1,Gaming
See Plough,1,Plough
See Rhododendron,1,Rhododendron
See Hat,1,Hat
See Common place,1,Common place
"See Oniscus
Wood pecker",1,"Oniscus
Wood pecker"
"See Cat
optrics",1,"Cat
optrics"
See Chamber,1,Chamber
See Acajou,1,Acajou
See Geomet/Ry,1,Geomet/Ry
See Ste^n-fast,1,Ste^n-fast
See Herald,1,Herald
See Surfeit,1,Surfeit
See Fanco,1,Fanco
See Par c At,1,Par c At
See Hermit,1,Hermit
See Ophioguossum,1,Ophioguossum
"See Ver-
BESINA",1,"Ver-
BESINA"
See Bdellium,1,Bdellium
See Lapsana,1,Lapsana
See Grandeur,1,Grandeur
See Joinery,1,Joinery
See Confession,1,Confession
See Thane,1,Thane
See Cinque port,1,Cinque port
See Scandix,1,Scandix
See NERvousy?«L',1,NERvousy?«L'
See Mass and Hos r,1,Mass and Hos r
See Rea,1,Rea
See Vulture,1,Vulture
See seal,1,seal
See Train Oil,1,Train Oil
See Factorage,1,Factorage
"See Ca
reening",1,"Ca
reening"
See Nitre,1,Nitre
See Colymbus ,1,Colymbus 
See Agriculture p,1,Agriculture p
See Motto,1,Motto
"See Cinalo
>1 ) C I R
CINQUEFOIL",1,"Cinalo
>1 ) C I R
CINQUEFOIL"
See Basket,1,Basket
See Poterium,1,Poterium
See Base,1,Base
"See Ar
chitecture",1,"Ar
chitecture"
See Act of faith,1,Act of faith
See Mucin,1,Mucin
See Mortality,1,Mortality
"See Nun-
DINJE",1,"Nun-
DINJE"
See Annamaboe,1,Annamaboe
"See Pel is
LYONS",1,"Pel is
LYONS"
"See Optics
REFRIGERAT1VE",1,"Optics
REFRIGERAT1VE"
"See Boling
brook",1,"Boling
brook"
See Penis,1,Penis
See the articles Astronomy,1,the articles Astronomy
See Canonization,1,Canonization
"See Bota
ny",1,"Bota
ny"
See Aitites,1,Aitites
"See Lychnis
Crow’s feet",1,"Lychnis
Crow’s feet"
See Academy,1,Academy
"See Peri
meter",1,"Peri
meter"
See Trichecus,1,Trichecus
See SQ_ualrs,1,SQ_ualrs
See Retina,1,Retina
See Torpedo,1,Torpedo
See Anabrosis,1,Anabrosis
See Charm,1,Charm
See M u c o a,1,M u c o a
See Scots,1,Scots
See the defeription of the bones,1,the defeription of the bones
See Clusia,1,Clusia
See Rust,1,Rust
See Farriery p,1,Farriery p
See Lastage,1,Lastage
See Mortgage,1,Mortgage
See Ichthyocolla,1,Ichthyocolla
See Hierachium,1,Hierachium
See Rhetoric,1,Rhetoric
See Soap,1,Soap
See Vive rra,1,Vive rra
See Pyrotechnia,1,Pyrotechnia
See Sal sola,1,Sal sola
See Morina,1,Morina
See Urt 1 ca,1,Urt 1 ca
See Fascination,1,Fascination
See Micje,1,Micje
"See Circum
stance",1,"Circum
stance"
See Exchequer,1,Exchequer
See Samaritans,1,Samaritans
See Fasti,1,Fasti
See Aohatoda,1,Aohatoda
"See Algebra
and Arithmetic",1,"Algebra
and Arithmetic"
See Mail,1,Mail
See Squauu s,1,Squauu s
See Amydalus,1,Amydalus
"See Gild
ing",1,"Gild
ing"
See Plumbago,1,Plumbago
See Carolina,1,Carolina
See Lithospermum,1,Lithospermum
See Dragoman,1,Dragoman
See Log-ic and Metaphysics,1,Log-ic and Metaphysics
See HES,1,HES
See Clathrus,1,Clathrus
See Logarithms,1,Logarithms
See Officer,1,Officer
See Meepilus,1,Meepilus
See ¥ona r-blank,1,¥ona r-blank
See Belemnites,1,Belemnites
"See Ex
tract",1,"Ex
tract"
See Blazoning,1,Blazoning
See Pedicle,1,Pedicle
See Em3Alming,1,Em3Alming
See Vine,1,Vine
See Phas 1 anus,1,Phas 1 anus
See Wit,1,Wit
See Colchi-cum,1,Colchi-cum
See Green-cloth,1,Green-cloth
See thTe articles,1,thTe articles
See Donations,1,Donations
See Pi stachia,1,Pi stachia
See Celastrus,1,Celastrus
"See Pleuronec-
TES",1,"Pleuronec-
TES"
See M o r r m a 1 h ,1,M o r r m a 1 h 
See Oyster,1,Oyster
See Dytiscus,1,Dytiscus
"See Procel-
laria",1,"Procel-
laria"
"See Recurvikostra;
AVOWEE",1,"Recurvikostra;
AVOWEE"
See Lapathum,1,Lapathum
See Quinquina,1,Quinquina
See Letter of Marque,1,Letter of Marque
See Hamma,1,Hamma
"See Calophyllum
CAL ABAS H-/rvp",1,"Calophyllum
CAL ABAS H-/rvp"
See Tillandsia,1,Tillandsia
"See In
quisition",1,"In
quisition"
See All-Saints,1,All-Saints
See Alnus,1,Alnus
See Tringa,1,Tringa
See Washing,1,Washing
See Furnace,1,Furnace
See Cavear,1,Cavear
See Teleandsia,1,Teleandsia
See Bidens,1,Bidens
See Andeuse,1,Andeuse
See Ruscus,1,Ruscus
See Powders,1,Powders
See Recapitulation,1,Recapitulation
See Anthemis,1,Anthemis
See Trench,1,Trench
"See Pad-
dock",1,"Pad-
dock"
See Furuncle,1,Furuncle
"See the next
article",1,"the next
article"
See Superficies,1,Superficies
See Intestate,1,Intestate
See Cerinthe,1,Cerinthe
See Artillery,1,Artillery
See Che-mistry,1,Che-mistry
See Games,1,Games
See Doric,1,Doric
"See Cin
chona",1,"Cin
chona"
See Adosse',1,Adosse'
See Gladiolus,1,Gladiolus
See Apotheosis,1,Apotheosis
See Coracoides,1,Coracoides
"See Ec
stasy",1,"Ec
stasy"
"See D«-
MON",1,"D«-
MON"
See Sophism,1,Sophism
See Skin,1,Skin
See Ursa,1,Ursa
See Almucantars,1,Almucantars
See Girders,1,Girders
"See Eqjuu
HORSEMANSHIP;
Or",1,"Eqjuu
HORSEMANSHIP;
Or"
"See Sperma-
coce",1,"Sperma-
coce"
See B o l e ,1,B o l e 
See Onopqrdum,1,Onopqrdum
See Antherje,1,Antherje
See Chance s,1,Chance s
See Courier,1,Courier
"See Diver
sity",1,"Diver
sity"
See Cassava,1,Cassava
See Amiable,1,Amiable
See Viverra and Ursus,1,Viverra and Ursus
See the article Lent,1,the article Lent
"See King’s Bench and Common
Pleas",1,"King’s Bench and Common
Pleas"
See Clarification,1,Clarification
See La-w,1,La-w
See Geo metry,1,Geo metry
See Zarnich,1,Zarnich
See Fragaria,1,Fragaria
See Flat,1,Flat
"See Generation and Midwifery
PROCTOR",1,"Generation and Midwifery
PROCTOR"
"See Zea
MALA",1,"Zea
MALA"
See Chleche,1,Chleche
See Description,1,Description
"See E-
lectricity",1,"E-
lectricity"
"See Crotalus-
",1,"Crotalus-
"
See Ulex,1,Ulex
See Avatom v,1,Avatom v
See Gazella,1,Gazella
See Gorteria,1,Gorteria
See Dentalium,1,Dentalium
See Vulnerary,1,Vulnerary
"See Beat
tification",1,"Beat
tification"
See Aster,1,Aster
"See Sexton
SACRISTY",1,"Sexton
SACRISTY"
See Household,1,Household
See Ressort,1,Ressort
See Transubstanhation,1,Transubstanhation
"See Agri
culture and Botany",1,"Agri
culture and Botany"
See Calcaneum,1,Calcaneum
See Guilandria,1,Guilandria
See Lemna,1,Lemna
See Engraving,1,Engraving
See Violin,1,Violin
See Muscicapa,1,Muscicapa
See Eques Auratus,1,Eques Auratus
See Bank,1,Bank
See Admiralty,1,Admiralty
See Callyonimus,1,Callyonimus
See Aldile,1,Aldile
See Pagan alia,1,Pagan alia
See Papilio,1,Papilio
See Botany p,1,Botany p
See Mu sun,1,Mu sun
See Metempsych osi s,1,Metempsych osi s
See Isis,1,Isis
See Epsom-salt,1,Epsom-salt
"See Gram-
MASHAM",1,"Gram-
MASHAM"
See Thomists,1,Thomists
"See Mo
narchy",1,"Mo
narchy"
See Astringents,1,Astringents
See Custbms,1,Custbms
See Malva,1,Malva
See Airy,1,Airy
See AraiPLEx,1,AraiPLEx
See Brachmans,1,Brachmans
See Exchange,1,Exchange
See the article Mead,1,the article Mead
See Agate,1,Agate
See Lin crus,1,Lin crus
See the article Cinque-port/,1,the article Cinque-port/
See Gad us,1,Gad us
See Lavendula,1,Lavendula
See Altenburg,1,Altenburg
See Negroes,1,Negroes
See Chemi str y,1,Chemi str y
See Beber,1,Beber
See Gouge,1,Gouge
See Optics and Mechanics,1,Optics and Mechanics
See Ziz,1,Ziz
See Bowling,1,Bowling
See Genettes,1,Genettes
See Pome'e,1,Pome'e
See Mandamus,1,Mandamus
"See Podophyl
lum",1,"Podophyl
lum"
See Smut,1,Smut
See Gjrammar,1,Gjrammar
See Oenanthe,1,Oenanthe
See Balsam,1,Balsam
"See Ana
baptists",1,"Ana
baptists"
See Trop^olum,1,Trop^olum
See Hawking,1,Hawking
See Oath,1,Oath
"See Ar-
CHITECTURE",1,"Ar-
CHITECTURE"
See Ana-tomy,1,Ana-tomy
See Opiates,1,Opiates
See Trinulus,1,Trinulus
"See Tor- <
DUS",1,"Tor- <
DUS"
See Si da,1,Si da
See Stole,1,Stole
"See Medicine
EMPYREMA",1,"Medicine
EMPYREMA"
See Rome,1,Rome
See Frctrs,1,Frctrs
"See M1 -
croscope",1,"M1 -
croscope"
See Hematites,1,Hematites
See Anarrichas,1,Anarrichas
"See Ther
mometer",1,"Ther
mometer"
See Romania,1,Romania
See Urim,1,Urim
See Bailiage,1,Bailiage
See Sequin,1,Sequin
See Callionymus,1,Callionymus
See Astrolabe,1,Astrolabe
"See Francis
cans",1,"Francis
cans"
See Asp,1,Asp
See Euclid,1,Euclid
"See Fortifi
cation",1,"Fortifi
cation"
See Menses,1,Menses
See De bene esse,1,De bene esse
See Topaz,1,Topaz
See Me di c we ,1,Me di c we 
See Alternate,1,Alternate
See Lenzea,1,Lenzea
See Acus,1,Acus
See King’s-Bench,1,King’s-Bench
See Sitgar,1,Sitgar
See Ficus,1,Ficus
"See Optics
FOENUGREEK",1,"Optics
FOENUGREEK"
See Yucca,1,Yucca
See Ephesus,1,Ephesus
See Oculus,1,Oculus
See Sarplar,1,Sarplar
"See Trea
sury and Exchequer",1,"Trea
sury and Exchequer"
See Xylo-aloes,1,Xylo-aloes
See Flux,1,Flux
See Summons,1,Summons
"See Apc-
geum and Aphelium",1,"Apc-
geum and Aphelium"
See Cich o rium,1,Cich o rium
See Scoenanth,1,Scoenanth
"See Divination
and Sacrifice",1,"Divination
and Sacrifice"
See Cementation,1,Cementation
"See Ces-
tus",1,"Ces-
tus"
See Emetic,1,Emetic
See Saw,1,Saw
"See Anas
CLAMP in a /hip",1,"Anas
CLAMP in a /hip"
See Scapular,1,Scapular
"See Nar
row",1,"Nar
row"
See Pause,1,Pause
See Common-place-book,1,Common-place-book
See Intrusion,1,Intrusion
See Bankrupt,1,Bankrupt
See Tournament,1,Tournament
See Tradescantia,1,Tradescantia
See India and America,1,India and America
See Cos,1,Cos
See Hvdrocotyle,1,Hvdrocotyle
See Chelidoni'um,1,Chelidoni'um
See Vertigo,1,Vertigo
See Rood,1,Rood
"See Marcus^
Avis is alfo the name of an order of knighthood in Por
tugal",1,"Marcus^
Avis is alfo the name of an order of knighthood in Por
tugal"
See WiLL-*uu7/5-<j-<wrj$>,1,WiLL-*uu7/5-<j-<wrj$>
"See Lum-
bricales",1,"Lum-
bricales"
See Olympic,1,Olympic
"See A-
BR IDGMENT",1,"A-
BR IDGMENT"
See Pul ex,1,Pul ex
See Moon and Phase s,1,Moon and Phase s
See Carnelian,1,Carnelian
See Cenorum,1,Cenorum
See Architectitre,1,Architectitre
"See Chemi-
paj/im",1,"Chemi-
paj/im"
"See Has si-
deans",1,"Has si-
deans"
See Quartering,1,Quartering
See Aspleni,1,Aspleni
See Lanius,1,Lanius
See Compass,1,Compass
See Burgomaster,1,Burgomaster
See Frumentarii,1,Frumentarii
See Ipomoea,1,Ipomoea
"See Geo*
metr y",1,"Geo*
metr y"
See Forestalling,1,Forestalling
See Challenge,1,Challenge
See Contagion,1,Contagion
See Phaeton,1,Phaeton
See Cucubalus,1,Cucubalus
"See Genera
tion",1,"Genera
tion"
See Hexameter,1,Hexameter
See Castration,1,Castration
See University,1,University
See Moral Philos,1,Moral Philos
See Lotus,1,Lotus
See Filanders,1,Filanders
See Perception,1,Perception
See Orkney,1,Orkney
See Pass,1,Pass
See Alloy,1,Alloy
See Elongation,1,Elongation
See Arctium,1,Arctium
See Shot,1,Shot
See LoNicERA,1,LoNicERA
See Phal/ena,1,Phal/ena
"See Pas
sion",1,"Pas
sion"
See Case,1,Case
See Angeronalia,1,Angeronalia
See Monastery,1,Monastery
See Ornithogalum,1,Ornithogalum
See Petasites,1,Petasites
See Court,1,Court
See Sepia,1,Sepia
See Rubus,1,Rubus
See Nabonassar,1,Nabonassar
"See Circu
lation ; and for the analyfis of blood",1,"Circu
lation ; and for the analyfis of blood"
"See Equus
ZECHARIAH",1,"Equus
ZECHARIAH"
See Adoptiani,1,Adoptiani
See Averrhoa,1,Averrhoa
"See Pass-
over",1,"Pass-
over"
See Carpinus,1,Carpinus
See Demesne,1,Demesne
See Osteocolla,1,Osteocolla
See Good-hope,1,Good-hope
See Sideritis,1,Sideritis
See Scarabjeus,1,Scarabjeus
See Alyssum,1,Alyssum
See Chemistr,1,Chemistr
See Gendarmes,1,Gendarmes
See Tight,1,Tight
See Remora,1,Remora
See Coin,1,Coin
See Rack,1,Rack
See Apprysing,1,Apprysing
See Discount,1,Discount
See Accessory,1,Accessory
See Exanthema,1,Exanthema
See Virgula Divina,1,Virgula Divina
See Common -place-book,1,Common -place-book
See Ursus,1,Ursus
See Scorpiurus,1,Scorpiurus
See Apanage,1,Apanage
See Linnen and Flax,1,Linnen and Flax
See Arisarum,1,Arisarum
See Baptistory,1,Baptistory
See Salit,1,Salit
See Ampelites,1,Ampelites
See Metropolis,1,Metropolis
See Exigent,1,Exigent
See Appui,1,Appui
See Birmingham,1,Birmingham
See Caput,1,Caput
See Lunaria,1,Lunaria
See AstronotMY,1,AstronotMY
See Archeus,1,Archeus
See Abrugi,1,Abrugi
"See Ultramarine
and Indigo",1,"Ultramarine
and Indigo"
See Gold-beating,1,Gold-beating
"See Pi pe
ACAPNON",1,"Pi pe
ACAPNON"
See Language and Grammar,1,Language and Grammar
See Mr her,1,Mr her
See P,1,P
"See Ver
ses 1 n a",1,"Ver
ses 1 n a"
See Vespertilio,1,Vespertilio
See Clement,1,Clement
See Astronomy and Geography,1,Astronomy and Geography
See Thalia,1,Thalia
"See Froth-
spit",1,"Froth-
spit"
See Ram p has to s,1,Ram p has to s
See Epicurean,1,Epicurean
See Sed um,1,Sed um
"See thefe articlesl
Order V",1,"thefe articlesl
Order V"
"See Pro-
CLEUSMATICDS",1,"Pro-
CLEUSMATICDS"
See Nail,1,Nail
See Vestry,1,Vestry
See Assignation,1,Assignation
See Fokficula,1,Fokficula
See Foliating,1,Foliating
See Solidago,1,Solidago
See Parallax,1,Parallax
See Winoxberg,1,Winoxberg
See Capparis,1,Capparis
See Part I,1,Part I
See Linaria,1,Linaria
See Spondias,1,Spondias
See Lathraea,1,Lathraea
See MEmciNE,1,MEmciNE
See Sorex,1,Sorex
"See Lo-
GIC",1,"Lo-
GIC"
See Mytulus,1,Mytulus
"See Flax;
HEMPSTEAD",1,"Flax;
HEMPSTEAD"
See Thapsia,1,Thapsia
See the articles Bill,1,the articles Bill
See Evacuation,1,Evacuation
See Vesuvius,1,Vesuvius
See Buoy,1,Buoy
See Salmon,1,Salmon
See Formica,1,Formica
See Cachexy,1,Cachexy
See ^elicanus,1,^elicanus
See Reticulare,1,Reticulare
See German,1,German
"See Char
ter",1,"Char
ter"
See Cathartics,1,Cathartics
See Nautilus,1,Nautilus
See Masque,1,Masque
"See Alliu
CEPAEA",1,"Alliu
CEPAEA"
"See Dial
ling",1,"Dial
ling"
See Feudal,1,Feudal
See Concord,1,Concord
See Presently,1,Presently
See Acopa,1,Acopa
See Ara,1,Ara
"See Medicine and Sur
gery",1,"Medicine and Sur
gery"
See Sanguinaria,1,Sanguinaria
See Pelvis,1,Pelvis
See Diarthrosis,1,Diarthrosis
See Scots Law-,1,Scots Law-
See Foun-dery,1,Foun-dery
See College of cihilidrij,1,College of cihilidrij
See Alaraf,1,Alaraf
See Lucida Coron,1,Lucida Coron
See Ajuga,1,Ajuga
See Ostracion,1,Ostracion
"See the prece
ding article",1,"the prece
ding article"
See Lute,1,Lute
"See Cor
rosion",1,"Cor
rosion"
"See Aso
AZORES",1,"Aso
AZORES"
See Exorcism,1,Exorcism
See Spongia,1,Spongia
See Asphaltum,1,Asphaltum
See Government,1,Government
See Sh ip,1,Sh ip
See Bradypus,1,Bradypus
"See -
Anatomy",1,"-
Anatomy"
See Elem 1,1,Elem 1
See Squat,1,Squat
See Styptics,1,Styptics
See Astronqmy,1,Astronqmy
See Isnardia,1,Isnardia
See Sudor,1,Sudor
See Replegiare,1,Replegiare
"See Moot on
AGNELET",1,"Moot on
AGNELET"
"See Galangal
Acorus",1,"Galangal
Acorus"
See Rother,1,Rother
See Nidus,1,Nidus
See Fly,1,Fly
"See Clemen
tines",1,"Clemen
tines"
See Exaltation,1,Exaltation
"See the article Aich-
STAT",1,"the article Aich-
STAT"
See Bide ns,1,Bide ns
See Lares,1,Lares
See Hospital,1,Hospital
See Santolina,1,Santolina
See Pleiades,1,Pleiades
See Villain,1,Villain
See A£dile,1,A£dile
"See Scara-
bjeus",1,"Scara-
bjeus"
See Grammar and Language,1,Grammar and Language
See Snake-stones,1,Snake-stones
See Vulgate,1,Vulgate
See Plat-^w*/,1,Plat-^w*/
See Embassador,1,Embassador
See Weaninc,1,Weaninc
See Antioch,1,Antioch
See Dianthus,1,Dianthus
See Ambry,1,Ambry
See Dracontium,1,Dracontium
See Clergy,1,Clergy
See Yearlings,1,Yearlings
See Raphanus,1,Raphanus
See Theligonum,1,Theligonum
"See Ur-
sus",1,"Ur-
sus"
"See Mi
croscope",1,"Mi
croscope"
"See Re-
st-auration:
In England",1,"Re-
st-auration:
In England"
"See Mecha-
",1,"Mecha-
"
See Stalagmite,1,Stalagmite
See Unguent,1,Unguent
See Excise,1,Excise
See Glycirrhiza,1,Glycirrhiza
See Malt,1,Malt
See Banquet,1,Banquet
See DutchY-ro,1,DutchY-ro
See Di del phis,1,Di del phis
See Watch making,1,Watch making
See Bizochi,1,Bizochi
See Embas,1,Embas
"See Logic
and Morals",1,"Logic
and Morals"
See Furies,1,Furies
See A n a t o m y ,1,A n a t o m y 
See Dorstenia,1,Dorstenia
See Bogomilt,1,Bogomilt
See Xante A,1,Xante A
See Arithmet 1 ck,1,Arithmet 1 ck
See Bonaire,1,Bonaire
See Council,1,Council
"See Trained
Band of penfoners are a company of 120 gentlemen",1,"Trained
Band of penfoners are a company of 120 gentlemen"
See Hippocratea,1,Hippocratea
"See Najas
FLUX",1,"Najas
FLUX"
See Rain,1,Rain
"See En
graving",1,"En
graving"
"See Anatomy
p",1,"Anatomy
p"
"See Dragons-
blood",1,"Dragons-
blood"
See Devil,1,Devil
"See Ree
As to the milling",1,"Ree
As to the milling"
See Branchiae,1,Branchiae
See Haemorrhoids,1,Haemorrhoids
See Ocymum,1,Ocymum
See C o rv u s,1,C o rv u s
See Book,1,Book
See p 285,1,p 285
See Disc,1,Disc
See Manna,1,Manna
See ChrysophyllUm,1,ChrysophyllUm
See Echeneis,1,Echeneis
See An s,1,An s
See Slave,1,Slave
"See Demon
stration",1,"Demon
stration"
See Me-dicine and Surgery,1,Me-dicine and Surgery
See Genista,1,Genista
See Anatojay,1,Anatojay
See VolvI,1,VolvI
See Arista,1,Arista
See Oxalis,1,Oxalis
See Perspiration,1,Perspiration
See Cogs,1,Cogs
See Crescent,1,Crescent
"See Admi
ral",1,"Admi
ral"
See Abstraction,1,Abstraction
"See Nic
titating MEMBRANE",1,"Nic
titating MEMBRANE"
See Reprisal,1,Reprisal
See Sailor,1,Sailor
See Shire,1,Shire
See VoL I,1,VoL I
See Boulogne,1,Boulogne
See Achiotte,1,Achiotte
See Tonsure,1,Tonsure
"See He
raldry",1,"He
raldry"
See Frost and Freezing,1,Frost and Freezing
See coccinella,1,coccinella
See Aseestus,1,Aseestus
See Accent,1,Accent
See Rain-bow,1,Rain-bow
See Cause,1,Cause
"See Me
DICINB",1,"Me
DICINB"
See Astronomt,1,Astronomt
See Gutta Serena,1,Gutta Serena
See Verbascum,1,Verbascum
See Duranta,1,Duranta
See Cacalia,1,Cacalia
See Ba,1,Ba
See Cuscuta,1,Cuscuta
See Sale,1,Sale
"See Hydraulics
and Hydrostatics",1,"Hydraulics
and Hydrostatics"
See Ach,1,Ach
See Linella,1,Linella
See Peristaltic,1,Peristaltic
See Agat,1,Agat
See Tf,1,Tf
"See the ar
ticle Shield",1,"the ar
ticle Shield"
"See Epic and Dramatic Composi
tions",1,"Epic and Dramatic Composi
tions"
See Jus,1,Jus
See Form,1,Form
"See Ana
lysis",1,"Ana
lysis"
See Poem,1,Poem
See Nigella,1,Nigella
See Antimony,1,Antimony
See Mech an 1 cs,1,Mech an 1 cs
See Ulcer,1,Ulcer
See Hop,1,Hop
See Senecio,1,Senecio
See the following table,1,the following table
"See Cerato-
PHYLLUM",1,"Cerato-
PHYLLUM"
See Quiddities,1,Quiddities
See Customs,1,Customs
See Scomber,1,Scomber
See Pale and Escutcheon ;?/'pretence,1,Pale and Escutcheon ;?/'pretence
"See Natu
ral History",1,"Natu
ral History"
See Betue,1,Betue
See Palsy,1,Palsy
"See HiEMAro-
",1,"HiEMAro-
"
See Beryl,1,Beryl
See Culm,1,Culm
See Bongo,1,Bongo
See Alcoran,1,Alcoran
See Taste,1,Taste
See Congelation and Frost,1,Congelation and Frost
See Legion,1,Legion
See Volant,1,Volant
See Abridgement,1,Abridgement
"See Brewing
It is ufed fora leavenor ferment in the baking of bread",1,"Brewing
It is ufed fora leavenor ferment in the baking of bread"
See MusciCAPA,1,MusciCAPA
See Skcuridaca,1,Skcuridaca
See Ceruse and Chemistry,1,Ceruse and Chemistry
See Abeyance,1,Abeyance
See Myopia,1,Myopia
See Chelidonium,1,Chelidonium
See N-minalists,1,N-minalists
See Diapason,1,Diapason
See Aquilegia,1,Aquilegia
See Printing',1,Printing'
See Mica,1,Mica
See College o/r civilians,1,College o/r civilians
"See Annunciation^
LAGOECIA",1,"Annunciation^
LAGOECIA"
See Cotyledon,1,Cotyledon
See Crescentia,1,Crescentia
See Antis,1,Antis
See Ecmt/M,1,Ecmt/M
See Batchelor,1,Batchelor
See Spirit,1,Spirit
See Trochee,1,Trochee
See Justices,1,Justices
See Local,1,Local
See Lanicera,1,Lanicera
See Olympiad,1,Olympiad
See Mu a,1,Mu a
See River,1,River
"See Pig
Charge to enter heir",1,"Pig
Charge to enter heir"
See Memory,1,Memory
See Chrystal,1,Chrystal
"See Sali-
cos a",1,"Sali-
cos a"
See Barbacan,1,Barbacan
See Ixia,1,Ixia
See Panax,1,Panax
See Lucanus,1,Lucanus
See Boerhaavia,1,Boerhaavia
See Privy-council,1,Privy-council
See Banishment,1,Banishment
See Accensi,1,Accensi
See Cataplasm,1,Cataplasm
See Elector,1,Elector
See Partherium,1,Partherium
See Horn,1,Horn
"See Geometry/
RECTIFICATION",1,"Geometry/
RECTIFICATION"
See Testudo,1,Testudo
See Petromyzon,1,Petromyzon
See Tetrad,1,Tetrad
See Clock,1,Clock
See Fluctions,1,Fluctions
"See Pleuro-
nectes
LINIMENT",1,"Pleuro-
nectes
LINIMENT"
"See Astronomy
and Cancer",1,"Astronomy
and Cancer"
"See Epic
and Dramatic compofitions",1,"Epic
and Dramatic compofitions"
See Adenography,1,Adenography
See Policy of ajfurance,1,Policy of ajfurance
See Isosceles,1,Isosceles
See Lination,1,Lination
See Cardinal,1,Cardinal
See Gustos,1,Gustos
See Abrochment,1,Abrochment
"See Snake-
stones",1,"Snake-
stones"
"See Scot*
Law",1,"Scot*
Law"
See Smilax,1,Smilax
"See Bras-
sica",1,"Bras-
sica"
See Bum as,1,Bum as
See Eryn-gium,1,Eryn-gium
See Robbery,1,Robbery
See Groenland,1,Groenland
See Thalictrum,1,Thalictrum
"See Ste-
rility",1,"Ste-
rility"
See Hagiasma,1,Hagiasma
See Tipula,1,Tipula
See Apocynum,1,Apocynum
See Augur,1,Augur
See Hero,1,Hero
See Figure,1,Figure
See Cypher,1,Cypher
See Arch,1,Arch
See Alectoria,1,Alectoria
See title 22,1,title 22
See Duel,1,Duel
See Strahismus,1,Strahismus
See Donation,1,Donation
See Bo*k»keeping,1,Bo*k»keeping
See Pistole,1,Pistole
See Noctambul 1,1,Noctambul 1
See Pale,1,Pale
See CORVUS,1,CORVUS
See Deposition,1,Deposition
"See Gar
dening",1,"Gar
dening"
See Plotus,1,Plotus
See Murjena,1,Murjena
See Tin,1,Tin
See Albugo and Medicine,1,Albugo and Medicine
See Heli^ea,1,Heli^ea
"See Microscope
and Opt i cs",1,"Microscope
and Opt i cs"
"See Narration and De
ft ri fit ion",1,"Narration and De
ft ri fit ion"
"See Absorbents'
SATURATION",1,"Absorbents'
SATURATION"
See Cornus,1,Cornus
"See Anus
FUNDI-BAY",1,"Anus
FUNDI-BAY"
See Compos ition,1,Compos ition
See Musca,1,Musca
See Commission,1,Commission
See Gossamer,1,Gossamer
See Banc,1,Banc
"See thefe
and all the other terms belonging to heraldry as they
occur in the order of the alphabet",1,"thefe
and all the other terms belonging to heraldry as they
occur in the order of the alphabet"
"See Sitorax
SUBAL i ERN",1,"Sitorax
SUBAL i ERN"
See Astringent,1,Astringent
See AIther,1,AIther
See Luxation,1,Luxation
See Whiteeoot,1,Whiteeoot
See Anagallis,1,Anagallis
See Evidence,1,Evidence
See Seriola,1,Seriola
See MedicinS,1,MedicinS
See Tamus,1,Tamus
"See Al
gebra",1,"Al
gebra"
"See Ammody-
‘ TES",1,"Ammody-
‘ TES"
"See Oc
tave",1,"Oc
tave"
See Moxa,1,Moxa
See Broker,1,Broker
See Eryngium,1,Eryngium
See Alopecia,1,Alopecia
See Epilobium,1,Epilobium
"See Co
nic Sections",1,"Co
nic Sections"
See Arras,1,Arras
See Bob,1,Bob
See Advocate,1,Advocate
See Vanilla,1,Vanilla
See Anatom?,1,Anatom?
"See Asterias
Star shot",1,"Asterias
Star shot"
"See Watch
making",1,"Watch
making"
See Automaton,1,Automaton
See Charm and Amulet,1,Charm and Amulet
See Prochen,1,Prochen
See Medimni,1,Medimni
"See Ship
building",1,"Ship
building"
See Gymnasium,1,Gymnasium
See Clergv,1,Clergv
See Genus,1,Genus
See Pterygoideus,1,Pterygoideus
See Pa paver,1,Pa paver
"See Coral
//^rr/^-FiSHERY",1,"Coral
//^rr/^-FiSHERY"
See Mtdicine,1,Mtdicine
See Scarborough,1,Scarborough
See Netherlands,1,Netherlands
See Bunium,1,Bunium
See Ariculture,1,Ariculture
See Folycnemum,1,Folycnemum
See Natural Histqry,1,Natural Histqry
See Alegrette,1,Alegrette
See Lacertus,1,Lacertus
See Dr,1,Dr
See Diatonic,1,Diatonic
See Jacea,1,Jacea
See Excoecaria,1,Excoecaria
See El^othesium,1,El^othesium
See Blenniu's,1,Blenniu's
See Campaign,1,Campaign
See Sartorius,1,Sartorius
See Arvales,1,Arvales
See Avena,1,Avena
See Bal^ena,1,Bal^ena
See Cimex,1,Cimex
See Hegira,1,Hegira
"See Co-
NIUM",1,"Co-
NIUM"
"See Frank-
Almoin",1,"Frank-
Almoin"
"See Sep-
tari as",1,"Sep-
tari as"
"See Physeter and
Delphinus
BALAGNA",1,"Physeter and
Delphinus
BALAGNA"
See Campania,1,Campania
See Phne CXLVIt fig,1,Phne CXLVIt fig
See Emerald,1,Emerald
See Amboyna,1,Amboyna
See Merops,1,Merops
See Hyperbolic,1,Hyperbolic
See Os c i n e s,1,Os c i n e s
See Enchasing,1,Enchasing
See Anathema,1,Anathema
See Berberis,1,Berberis
See Lonicera,1,Lonicera
See Absinthium,1,Absinthium
See Clay,1,Clay
See Barracks,1,Barracks
See Xylo-Aloes,1,Xylo-Aloes
"See Lauru
BAY-falt",1,"Lauru
BAY-falt"
See Mercurialis,1,Mercurialis
See Pelican us,1,Pelican us
See Albuginea,1,Albuginea
See Bitumen,1,Bitumen
See Melastoma,1,Melastoma
See Gage,1,Gage
See Fathom,1,Fathom
See Geum,1,Geum
See Alcaid,1,Alcaid
"See Baro
meter
BARR",1,"Baro
meter
BARR"
See Manicheans,1,Manicheans
See Advocates,1,Advocates
"See Ha-
1 MADAN",1,"Ha-
1 MADAN"
See Tapping,1,Tapping
"See Natural Hi
story",1,"Natural Hi
story"
See Carlina,1,Carlina
See Lucius,1,Lucius
"See Hypo-
phora",1,"Hypo-
phora"
See Avschynomene,1,Avschynomene
See Duty,1,Duty
See Mu rex,1,Mu rex
See Barmaster,1,Barmaster
See Sus-,1,Sus-
See Decrement,1,Decrement
"See Gar
ter",1,"Gar
ter"
See Dialing,1,Dialing
See Euonymus,1,Euonymus
"See Order;
COPAIBA
COP ( 277
COPAIBA",1,"Order;
COPAIBA
COP ( 277
COPAIBA"
See ScomWr,1,ScomWr
"See Mar
riage",1,"Mar
riage"
See Lent,1,Lent
"See Apocry-
pha",1,"Apocry-
pha"
See Baljena,1,Baljena
See Natural Hi story,1,Natural Hi story
See Gun,1,Gun
See Talus,1,Talus
See the article Marque,1,the article Marque
See Arithmetic*,1,Arithmetic*
See Crotophaga,1,Crotophaga
See Binle and Religion,1,Binle and Religion
See Myrtus,1,Myrtus
See Bream,1,Bream
See Glycine,1,Glycine
"See Arc-
turus",1,"Arc-
turus"
See Blomary,1,Blomary
See Cassjtha,1,Cassjtha
See Ram,1,Ram
See Asa-foetida,1,Asa-foetida
See Scolopendra,1,Scolopendra
See Paulicians,1,Paulicians
See Qrtza,1,Qrtza
"See Logic/'
MINORCA",1,"Logic/'
MINORCA"
See Phryganea,1,Phryganea
See Musquet,1,Musquet
See Hierach ium,1,Hierach ium
See Lepas,1,Lepas
See Couvert,1,Couvert
See DoitoNicuM,1,DoitoNicuM
See Hierarchy,1,Hierarchy
See Lactuca,1,Lactuca
See Hayward,1,Hayward
See Bubo,1,Bubo
See Pol,1,Pol
See Interest,1,Interest
See I’lateCXI,1,I’lateCXI
"See Me-
spilus",1,"Me-
spilus"
"See the
article Brief",1,"the
article Brief"
"See A-
NATOMY",1,"A-
NATOMY"
See Allegro,1,Allegro
See Imperatoria,1,Imperatoria
"See Fora
men ovale",1,"Fora
men ovale"
See Mergus,1,Mergus
See Conquest,1,Conquest
See Degree,1,Degree
"See Necro
mancy",1,"Necro
mancy"
See Drosera,1,Drosera
See Sliding rule,1,Sliding rule
See Removing,1,Removing
See Ceruse,1,Ceruse
"See Primi
tive",1,"Primi
tive"
See Bouche,1,Bouche
See Britain,1,Britain
See Tenia,1,Tenia
See Lychnis,1,Lychnis
"See Prac
tical Geometry",1,"Prac
tical Geometry"
"See Ac
cent",1,"Ac
cent"
"See Peninsula
CHERTSEY",1,"Peninsula
CHERTSEY"
See Pod,1,Pod
See Draco,1,Draco
See Fifth,1,Fifth
See Uvea,1,Uvea
See Pumice,1,Pumice
"See Interca
lary",1,"Interca
lary"
See Cypr^ea,1,Cypr^ea
See Apprehension,1,Apprehension
See Subrei-titious,1,Subrei-titious
See Punctuatiom,1,Punctuatiom
See Humerus,1,Humerus
See Mule,1,Mule
See Astrohomy,1,Astrohomy
See Refiners,1,Refiners
See Apium,1,Apium
See Achillea,1,Achillea
See Cadmia,1,Cadmia
See Viverra,1,Viverra
See Vpl,1,Vpl
See York,1,York
See Pellets,1,Pellets
See Divorce,1,Divorce
"See Lectister-
n 1 um",1,"Lectister-
n 1 um"
See Movement,1,Movement
See Needle,1,Needle
See Cave a,1,Cave a
See Accountant,1,Accountant
See Secale,1,Secale
See By-laws,1,By-laws
See PsittacuS,1,PsittacuS
See WIN E ,1,WIN E 
See Anatom v,1,Anatom v
See Cgrvus,1,Cgrvus
See Cotula,1,Cotula
See Scilla,1,Scilla
See BuiLDiNd,1,BuiLDiNd
See Melia,1,Melia
See Aconitum,1,Aconitum
See Barometer,1,Barometer
See Leonurus,1,Leonurus
See Diarrhoea,1,Diarrhoea
See Lycium,1,Lycium
See Scorpion,1,Scorpion
See Fugue,1,Fugue
See Sty rax,1,Sty rax
See Wind and Whirlwind,1,Wind and Whirlwind
See Peer,1,Peer
See FriNcsilla,1,FriNcsilla
"See Chemi
stry p",1,"Chemi
stry p"
See Pistacia,1,Pistacia
See Agaric,1,Agaric
See Sphairanthus,1,Sphairanthus
See Foliating of Looking-glajfes,1,Foliating of Looking-glajfes
See Mordella,1,Mordella
See Columnea,1,Columnea
See Analysis,1,Analysis
See ChemIjonium,1,ChemIjonium
See ORONociUE,1,ORONociUE
See Kebla,1,Kebla
See Syproea,1,Syproea
See Powder,1,Powder
"See Chendpo-
D1UM",1,"Chendpo-
D1UM"
See Agrostema,1,Agrostema
See Supporters,1,Supporters
See Chemi s try,1,Chemi s try
See Bilest,1,Bilest
See Alcohol,1,Alcohol
See Persicaria,1,Persicaria
See Mercurial is,1,Mercurial is
See Egyptians,1,Egyptians
See Text,1,Text
See title 33,1,title 33
See Field,1,Field
"See Medicine
' and Surgery",1,"Medicine
' and Surgery"
See Prince’s Metal,1,Prince’s Metal
See Antirrhinum-,1,Antirrhinum-
See Seed,1,Seed
See Thunder,1,Thunder
See Hedysarum,1,Hedysarum
See Embossing,1,Embossing
See Aleuromancy,1,Aleuromancy
See QiGrTALis,1,QiGrTALis
"See Be
zants",1,"Be
zants"
See Smjlax,1,Smjlax
See Brabejum,1,Brabejum
See S^italus,1,S^italus
See Walden ses,1,Walden ses
See Alleg ro,1,Alleg ro
See Caryophillus,1,Caryophillus
See Vit,1,Vit
See Aquatic,1,Aquatic
See Empiric,1,Empiric
See AcccJunting,1,AcccJunting
See Flutes,1,Flutes
See Cure,1,Cure
See Common-pleas,1,Common-pleas
See Gakdenintg,1,Gakdenintg
See Ammites,1,Ammites
See Alley,1,Alley
See Spartium,1,Spartium
See ArChes,1,ArChes
See Altarage,1,Altarage
"See Chemistry
Vol",1,"Chemistry
Vol"
See PtSTACHlA,1,PtSTACHlA
"See An-
therse",1,"An-
therse"
See Affiliation,1,Affiliation
See Erica,1,Erica
See Eschar,1,Eschar
See Back-Wm,1,Back-Wm
See Anat-omy,1,Anat-omy
"See Py
thagorean philofophy",1,"Py
thagorean philofophy"
See Sesqui ,1,Sesqui 
See Sphenoides,1,Sphenoides
See Dragon,1,Dragon
See Chevron,1,Chevron
See Erythronium,1,Erythronium
See Cupressus,1,Cupressus
See Beghardi,1,Beghardi
See Callifornia,1,Callifornia
See N° 1,1,N° 1
See Hemorrhage,1,Hemorrhage
"See Me-
lioration",1,"Me-
lioration"
"See Le
OUNDLE",1,"Le
OUNDLE"
See Acarus,1,Acarus
See RosicruciAn,1,RosicruciAn
See Pebble,1,Pebble
See Pernio,1,Pernio
See Duke,1,Duke
See Gleditsia,1,Gleditsia
See Communion-table,1,Communion-table
"See Ca
lyx",1,"Ca
lyx"
See Empero r,1,Empero r
See Clyster,1,Clyster
See Quoin,1,Quoin
See Trifolium,1,Trifolium
See Advowson,1,Advowson
See thefe articcles,1,thefe articcles
See Anachoret,1,Anachoret
See Turbith,1,Turbith
See thefe aitides,1,thefe aitides
See Crab’s claws,1,Crab’s claws
See Tragacahth,1,Tragacahth
See Fritillaria,1,Fritillaria
"See Laurus:
CAMPHORATA",1,"Laurus:
CAMPHORATA"
See Cepa,1,Cepa
See Exactness,1,Exactness
See Stamina,1,Stamina
See Forest,1,Forest
See Abate,1,Abate
See Opal,1,Opal
See MeYaphysics,1,MeYaphysics
See Error,1,Error
See Prefect,1,Prefect
See Marriage,1,Marriage
"See My
thology",1,"My
thology"
See Admiral,1,Admiral
See Parterre,1,Parterre
"See Ad
ductor",1,"Ad
ductor"
See Asylum,1,Asylum
See Navigati on,1,Navigati on
See Artronomy,1,Artronomy
See Scotland,1,Scotland
See Adoption,1,Adoption
"See the article
Gombron",1,"the article
Gombron"
See Pyrrhontans,1,Pyrrhontans
See Ac hi ends,1,Ac hi ends
See Omelet,1,Omelet
See Pharmacy,1,Pharmacy
See Wide,1,Wide
See example,1,example
See Fauco,1,Fauco
See Allodial,1,Allodial
See Chord,1,Chord
See Echium,1,Echium
See Conicsections,1,Conicsections
"See Janse
nism",1,"Janse
nism"
See the articleVarnish,1,the articleVarnish
See Bisket,1,Bisket
See Theory,1,Theory
See ^Aliment,1,^Aliment
See Blank,1,Blank
See Flory,1,Flory
See Filix,1,Filix
See Folvcaala,1,Folvcaala
See Amomum,1,Amomum
See Canal,1,Canal
"See Deca
logue",1,"Deca
logue"
See Astragalus,1,Astragalus
See Beta,1,Beta
See Test,1,Test
See Gallery,1,Gallery
See Indjgofera,1,Indjgofera
See Chemestry,1,Chemestry
See Qtis,1,Qtis
See Satureia,1,Satureia
See Concession,1,Concession
See Pulegium,1,Pulegium
See Market,1,Market
See Lichen,1,Lichen
See Lithanthrax,1,Lithanthrax
See Amputation,1,Amputation
See Delivery,1,Delivery
See Menispermum,1,Menispermum
See Borneo,1,Borneo
See Brasil,1,Brasil
See Rain and Frost,1,Rain and Frost
See Lex,1,Lex
See Stream-anchor,1,Stream-anchor
See Moschus,1,Moschus
See Angitis,1,Angitis
See Refraction,1,Refraction
See Philipptne,1,Philipptne
See Antepagmenta,1,Antepagmenta
See Exodium,1,Exodium
See the Scheme,1,the Scheme
See Taper,1,Taper
See Me c h a n 1 c s ,1,Me c h a n 1 c s 
See Avowing,1,Avowing
"See MrowiFERir
LYME",1,"MrowiFERir
LYME"
See Elatine,1,Elatine
See Glycyrrhiza,1,Glycyrrhiza
See Ballad,1,Ballad
See Mace,1,Mace
See Agen,1,Agen
See Ambrosian Office,1,Ambrosian Office
See Fal-co,1,Fal-co
"See Resuscita-
t in
REVOLUTION",1,"Resuscita-
t in
REVOLUTION"
See Bloquence,1,Bloquence
See Moline,1,Moline
See Astronomv,1,Astronomv
See Caustics,1,Caustics
"See Geome
try",1,"Geome
try"
See botany,1,botany
See AnaYom y,1,AnaYom y
See Iron,1,Iron
See Anthers,1,Anthers
"See E-
dinburgh",1,"E-
dinburgh"
See Tonfillae,1,Tonfillae
See Astronomy and Geograph y,1,Astronomy and Geograph y
See CERATONtA,1,CERATONtA
See Pagans,1,Pagans
See Symmetry,1,Symmetry
See Cyanus,1,Cyanus
See Barbel,1,Barbel
See Apostolici,1,Apostolici
See Dodecatheon,1,Dodecatheon
See Dissenters,1,Dissenters
"See Janis
saries",1,"Janis
saries"
See Weaving,1,Weaving
"See figures of the principal fpecies of
the Felis",1,"figures of the principal fpecies of
the Felis"
See Abacus,1,Abacus
See Cicuta,1,Cicuta
See Hydesarum,1,Hydesarum
See SiLURUs,1,SiLURUs
"See Bal
sam",1,"Bal
sam"
See Bistre,1,Bistre
See Eqtius and Horsemanship,1,Eqtius and Horsemanship
"See Art
chitecture",1,"Art
chitecture"
"See So
ciety",1,"So
ciety"
See page 195,1,page 195
See Hirunda,1,Hirunda
See SqjJALUS,1,SqjJALUS
See Finre,1,Finre
See Bailiwick,1,Bailiwick
See Cwzw Arabic,1,Cwzw Arabic
See Qphiorrhiza,1,Qphiorrhiza
See Sagittarium,1,Sagittarium
See Coemetery,1,Coemetery
See Stratiotes,1,Stratiotes
See Scots Law',1,Scots Law'
See Orfa,1,Orfa
See Doronicum,1,Doronicum
See Grafting and Garden i ng,1,Grafting and Garden i ng
See Mythoxogv,1,Mythoxogv
See Gymnarthria,1,Gymnarthria
See Amelia,1,Amelia
"See Glass-ma
king",1,"Glass-ma
king"
See Stone,1,Stone
See Valuation,1,Valuation
See Chelone,1,Chelone
See Meloe,1,Meloe
See Matter,1,Matter
See Privy council,1,Privy council
See CHARTER-/>«r/j,1,CHARTER-/>«r/j
See Pinnated,1,Pinnated
See Linnen,1,Linnen
"See Globu
lar! a",1,"Globu
lar! a"
"See Parallels of
Altitude",1,"Parallels of
Altitude"
See Ochre,1,Ochre
See Gihun,1,Gihun
See Camp,1,Camp
See Aldebaran,1,Aldebaran
See Bildge,1,Bildge
See Dignity,1,Dignity
See Analogy,1,Analogy
See Phoenix,1,Phoenix
See Jews,1,Jews
See Lettuce,1,Lettuce
See Infinite,1,Infinite
See Lose 1 a,1,Lose 1 a
See Company,1,Company
See Adductor,1,Adductor
See Betula,1,Betula
See Flower,1,Flower
See Adultery,1,Adultery
See the article Fluid,1,the article Fluid
See Cochlearia,1,Cochlearia
See Ballance,1,Ballance
See Passions,1,Passions
See Marrubium,1,Marrubium
"See the
preceding article",1,"the
preceding article"
See Demain,1,Demain
"See Medi-
AMAUSA",1,"Medi-
AMAUSA"
"See the articles
Leavened",1,"the articles
Leavened"
See Jury,1,Jury
See Apocalypse,1,Apocalypse
See Incubus,1,Incubus
See Yeoman,1,Yeoman
See Ch^erophyllum,1,Ch^erophyllum
See Proctor,1,Proctor
See Lignum-aloes,1,Lignum-aloes
See Causttcs,1,Causttcs
See Aegebra,1,Aegebra
See Navigat i on,1,Navigat i on
"See Fortifica
tion",1,"Fortifica
tion"
See Tkagacanth,1,Tkagacanth
See Annot,1,Annot
See Paly,1,Paly
See Vision,1,Vision
See Alosa,1,Alosa
See Conyza,1,Conyza
See Husband,1,Husband
"See Book-keep
ing",1,"Book-keep
ing"
See MqtaCilla,1,MqtaCilla
See Caltha,1,Caltha
See Harmony,1,Harmony
See Alexeterial,1,Alexeterial
See Militia,1,Militia
See Terra Firma,1,Terra Firma
"See Ery-
thronium",1,"Ery-
thronium"
"See Al
tar-thane",1,"Al
tar-thane"
See Glue,1,Glue
See Babbling,1,Babbling
See Cyclamen,1,Cyclamen
See Maelstroom,1,Maelstroom
See Wax,1,Wax
See the following example,1,the following example
"See Print
ing",1,"Print
ing"
See Agrimonia,1,Agrimonia
See Leucanthemum,1,Leucanthemum
See Precept of Clare Constat,1,Precept of Clare Constat
See Torus,1,Torus
See Horsemanship,1,Horsemanship
"See Catechu
men",1,"Catechu
men"
See Emphysema,1,Emphysema
See Luteola,1,Luteola
See S,1,S
See SqjJALUs,1,SqjJALUs
See Equu s,1,Equu s
"See CarnelIan and
On yx
S ARGUS",1,"CarnelIan and
On yx
S ARGUS"
See Bulb,1,Bulb
See Ladder,1,Ladder
See Hymenjea,1,Hymenjea
See Be tula,1,Be tula
"See Ac open-
SF",1,"Ac open-
SF"
See Cyanus-,1,Cyanus-
See Amaranthus,1,Amaranthus
See Hydrophobia,1,Hydrophobia
"See Me-
di cine",1,"Me-
di cine"
See Hyoscyamus,1,Hyoscyamus
See Triconella,1,Triconella
See Divination,1,Divination
See Tordyllium,1,Tordyllium
See Pint,1,Pint
See Bryonia-,1,Bryonia-
See Class,1,Class
See Amour,1,Amour
See Erysipelas,1,Erysipelas
"See I
Fluxions",1,"I
Fluxions"
See Marum,1,Marum
"See Tu
nica",1,"Tu
nica"
See Celtis,1,Celtis
See Lazar-house,1,Lazar-house
See Portulaca,1,Portulaca
See Kempferia,1,Kempferia
See Zegi,1,Zegi
See Tragapodon,1,Tragapodon
See Bring ill a,1,Bring ill a
See Juncus,1,Juncus
"See Gun
nery",1,"Gun
nery"
See Flag-officers,1,Flag-officers
See Triticum,1,Triticum
"See Par
liament",1,"Par
liament"
See Galeopsis,1,Galeopsis
See Abased,1,Abased
"See Gyna:-
c e u m ",1,"Gyna:-
c e u m "
See ALca,1,ALca
See Bes,1,Bes
See Scutellaria,1,Scutellaria
See ihe preceding article,1,ihe preceding article
See Compound,1,Compound
See Enamelling,1,Enamelling
See Will,1,Will
See Imagination,1,Imagination
See Gules,1,Gules
See Head,1,Head
See Trigla,1,Trigla
See Quality,1,Quality
See Transom,1,Transom
See Camel,1,Camel
See Psittacu s,1,Psittacu s
See Ethusa,1,Ethusa
See Nicotiana,1,Nicotiana
"See Be
zoar",1,"Be
zoar"
"See Acces
sory",1,"Acces
sory"
See Populks,1,Populks
"See Lan
guage",1,"Lan
guage"
See Festuca,1,Festuca
See Attainder,1,Attainder
See Syngnathus ,1,Syngnathus 
See Blanch,1,Blanch
See Daphne,1,Daphne
See Ol,1,Ol
See MeleAgris,1,MeleAgris
"See Solilo-
quv",1,"Solilo-
quv"
See Olecranon,1,Olecranon
See Lobelia,1,Lobelia
See Resin,1,Resin
See Paradisea,1,Paradisea
See Renunciation,1,Renunciation
See A,1,A
See Coinage,1,Coinage
See Plewronectes,1,Plewronectes
See Wadd,1,Wadd
See Timber,1,Timber
See Am'mum,1,Am'mum
See Nat,1,Nat
"See An-a-
tomy",1,"An-a-
tomy"
See Bar,1,Bar
See Amed,1,Amed
See Ceupea,1,Ceupea
See Constantinople,1,Constantinople
See Kaliphate,1,Kaliphate
See Verse and Rhime,1,Verse and Rhime
See Med 1 cine,1,Med 1 cine
See Chaplet,1,Chaplet
"See Armag
ARDOR-VENTRIGULI",1,"Armag
ARDOR-VENTRIGULI"
See Arache7 and Erased,1,Arache7 and Erased
See Circumlocution,1,Circumlocution
See Blend,1,Blend
See Phalangium,1,Phalangium
See Frush,1,Frush
See Fr ingill A,1,Fr ingill A
See Anastomasis,1,Anastomasis
See Logic and Metaphys 1 cs,1,Logic and Metaphys 1 cs
See Prefix,1,Prefix
See Picus,1,Picus
See Warrant,1,Warrant
See the fedion,1,the fedion
See Bunias,1,Bunias
See Silver,1,Silver
See Chance,1,Chance
See Buenos-ayres,1,Buenos-ayres
See Crateva,1,Crateva
"See Omentum
EPISCOPACY",1,"Omentum
EPISCOPACY"
See Aquarius,1,Aquarius
See Style,1,Style
See Menyanthes ,1,Menyanthes 
See Rob,1,Rob
See Septuagint,1,Septuagint
"See Alle-
RiO
ALESSANO",1,"Alle-
RiO
ALESSANO"
See Salix,1,Salix
See Size,1,Size
See Ziziphora,1,Ziziphora
See Callimus,1,Callimus
See Plethora,1,Plethora
"See Garden
ing",1,"Garden
ing"
See Trochilus,1,Trochilus
See Chorobata,1,Chorobata
See Opt 1 cs,1,Opt 1 cs
See Psittacos,1,Psittacos
See Rosary,1,Rosary
"See Es
quire",1,"Es
quire"
See Cardamine,1,Cardamine
See Anguis,1,Anguis
See Lychni-s,1,Lychni-s
See Ceuta,1,Ceuta
See Tally,1,Tally
See Character,1,Character
"See Panathe-
n",1,"Panathe-
n"
See Phaca,1,Phaca
"See Di;e-
RE SIS",1,"Di;e-
RE SIS"
"See tliefe
articles",1,"tliefe
articles"
See Crataegus,1,Crataegus
See Juglans,1,Juglans
See Chrysalis,1,Chrysalis
"See Dia
mond",1,"Dia
mond"
See Averia,1,Averia
See Strengtheners,1,Strengtheners
See Canna,1,Canna
"See Amyg-
dalus",1,"Amyg-
dalus"
See Glechoma,1,Glechoma
"See Optics
Black",1,"Optics
Black"
See High and Tall,1,High and Tall
"See Optics and Tele
scope",1,"Optics and Tele
scope"
See Ligustrum,1,Ligustrum
See Trichosanthes,1,Trichosanthes
"See Fli’xions;
CATACRHESIS",1,"Fli’xions;
CATACRHESIS"
See Ghemis-; ry,1,Ghemis-; ry
See Sophora,1,Sophora
"See Bril
liant",1,"Bril
liant"
See Veneti,1,Veneti
See Cautery,1,Cautery
"See Di-
ANTHUS",1,"Di-
ANTHUS"
See rhefe articles,1,rhefe articles
See Sky and Blue,1,Sky and Blue
See Centaurja,1,Centaurja
See Orpiment,1,Orpiment
See Gerbera,1,Gerbera
See Sonchus,1,Sonchus
See Crest,1,Crest
"See Pro
tea",1,"Pro
tea"
See Treason,1,Treason
See Arctea,1,Arctea
"See Exaggera-
AMPLITUDE",1,"Exaggera-
AMPLITUDE"
See Galanthus,1,Galanthus
See Pinguicula,1,Pinguicula
See Potentilla,1,Potentilla
See Pavo,1,Pavo
See Lolium,1,Lolium
See Djas,1,Djas
See Chyme,1,Chyme
See Amphifia,1,Amphifia
See Dictamnus,1,Dictamnus
"See Lr-
THANTH RAX",1,"Lr-
THANTH RAX"
See ab king,1,ab king
See Barbe,1,Barbe
"See A rank a
WEDGE",1,"A rank a
WEDGE"
"See Angel
ANGER",1,"Angel
ANGER"
See Microscope,1,Microscope
See Nova Scotia,1,Nova Scotia
See Elysium,1,Elysium
See Pediculus,1,Pediculus
"See A-
z'alea",1,"A-
z'alea"
See Parthenium,1,Parthenium
"See E-
lephas",1,"E-
lephas"
See Midwife;ry,1,Midwife;ry
See Amersham,1,Amersham
See Cardamom,1,Cardamom
See Lumbricus,1,Lumbricus
See Tagetes,1,Tagetes
See Cauterization,1,Cauterization
See Palamedea,1,Palamedea
See Alise,1,Alise
See External,1,External
"See Adjudica
tion
-REPARTEE a ready fmart reply",1,"Adjudica
tion
-REPARTEE a ready fmart reply"
See Chjna,1,Chjna
See Surveying,1,Surveying
See Manor,1,Manor
See Bahama,1,Bahama
See Naturae History,1,Naturae History
See Amygdalae,1,Amygdalae
See LathA,1,LathA
See Rapuntium,1,Rapuntium
"See Mahome
tanism",1,"Mahome
tanism"
See Osyris,1,Osyris
See Colocynth,1,Colocynth
"See Misch-
NAH",1,"Misch-
NAH"
See Curcuma,1,Curcuma
See Acorus,1,Acorus
See Acutition,1,Acutition
"See Me-
d",1,"Me-
d"
"See Medicine
INTEROSSEUS",1,"Medicine
INTEROSSEUS"
See Cirenza,1,Cirenza
See Baccharis,1,Baccharis
See Armoniac,1,Armoniac
See Mjemacterion,1,Mjemacterion
See Arch itecture,1,Arch itecture
"See Aphrodite
ERUCAGO",1,"Aphrodite
ERUCAGO"
See Cap,1,Cap
See Caulking,1,Caulking
See Buxus,1,Buxus
"See Black
Sea",1,"Black
Sea"
"See Gable and
Head",1,"Gable and
Head"
See Grossularia,1,Grossularia
See Assent,1,Assent
See Pneumatic s,1,Pneumatic s
See Juniper and Sabina,1,Juniper and Sabina
See Annuities,1,Annuities
See Asmer,1,Asmer
See Chargeenter heir,1,Chargeenter heir
See Philosophy,1,Philosophy
See AsradNOMY,1,AsradNOMY
See Fringilxa,1,Fringilxa
See Mosaic,1,Mosaic
See Omer,1,Omer
"See Mo
rals",1,"Mo
rals"
See Targum,1,Targum
See Opossum,1,Opossum
See Beadle,1,Beadle
See Lantana,1,Lantana
See ALgilops,1,ALgilops
"See Coracoides
ANCZAJC-
ANCZAKRICH",1,"Coracoides
ANCZAJC-
ANCZAKRICH"
"See Per
spective",1,"Per
spective"
See Society,1,Society
See Defeisance,1,Defeisance
See Anato my,1,Anato my
See Relation,1,Relation
See Scapulary,1,Scapulary
See Menyanthes,1,Menyanthes
See Tenthredo,1,Tenthredo
See Nihil,1,Nihil
See Perseus,1,Perseus
See Gladiator,1,Gladiator
See Copper,1,Copper
See Escutcheon,1,Escutcheon
See Hot-bed,1,Hot-bed
See Logick,1,Logick
See the articles Hearing,1,the articles Hearing
"See Betonica
and Veronica",1,"Betonica
and Veronica"
See Borassus,1,Borassus
See PtL£us,1,PtL£us
See Ptelea,1,Ptelea
See AisuE,1,AisuE
See Millen arians,1,Millen arians
See Barra,1,Barra
See Brewery,1,Brewery
See Machlis,1,Machlis
See An atom v,1,An atom v
See Caltrop,1,Caltrop
See Talpa,1,Talpa
See Colocynthis,1,Colocynthis
See Melody,1,Melody
See Emir,1,Emir
See Schomber,1,Schomber
See Blench,1,Blench
See Syllabus,1,Syllabus
See Puglia,1,Puglia
See Andropophagi,1,Andropophagi
See Sisymbrium,1,Sisymbrium
See Stays,1,Stays
See Hugonia,1,Hugonia
See Robots,1,Robots
See Pninanthus,1,Pninanthus
See Steel,1,Steel
See Comparison,1,Comparison
See Disease,1,Disease
See Hawse,1,Hawse
See the article Scanderoon,1,the article Scanderoon
"See Medi
cine
CLARAMONT-powder",1,"Medi
cine
CLARAMONT-powder"
See Siliqjja,1,Siliqjja
See Aqua marina,1,Aqua marina
See Andalusia,1,Andalusia
See Santalum,1,Santalum
See Musics,1,Musics
See Oestrus,1,Oestrus
"See Apis
STINE",1,"Apis
STINE"
See Abbuttals,1,Abbuttals
"See Humulu
LUPUS",1,"Humulu
LUPUS"
"See Di
opter",1,"Di
opter"
"See the next ar
ticle",1,"the next ar
ticle"
See Sol 1 dago,1,Sol 1 dago
See Tiend,1,Tiend
See Whigs,1,Whigs
See Myosurus,1,Myosurus
See Mugil,1,Mugil
See Ejection,1,Ejection
See Hihiscus,1,Hihiscus
See Aqu/educt,1,Aqu/educt
See Discord,1,Discord
See Lipothymia,1,Lipothymia
"See Geography and A-
STRONOMY",1,"Geography and A-
STRONOMY"
See Hermaphrodite,1,Hermaphrodite
See Sesamoidea,1,Sesamoidea
See Anatomy: p igj,1,Anatomy: p igj
See Cornutia,1,Cornutia
"See HogeN-
hine",1,"HogeN-
hine"
See Pholas,1,Pholas
See Coeitis,1,Coeitis
"See Pistol
and Mortar",1,"Pistol
and Mortar"
"See Bologna
and Ferrara",1,"Bologna
and Ferrara"
See Coryphjena,1,Coryphjena
See B Quandrp,1,B Quandrp
See Alchemilla,1,Alchemilla
See Eupatorium,1,Eupatorium
"See Will-with-a
wh 1 sp",1,"Will-with-a
wh 1 sp"
See Valentia,1,Valentia
See Potamogeton,1,Potamogeton
"See Mu-
RJENA",1,"Mu-
RJENA"
See Jeuly,1,Jeuly
See Focus,1,Focus
See Andes,1,Andes
"See Cannon
and Gunnery",1,"Cannon
and Gunnery"
See Med,1,Med
See Snuff,1,Snuff
"See Cochi
neal",1,"Cochi
neal"
See Medicago,1,Medicago
See Smyrnium,1,Smyrnium
See Lawsonia,1,Lawsonia
See Palestine,1,Palestine
See Paronomasia,1,Paronomasia
See Birth,1,Birth
See Ambery,1,Ambery
See Humulus,1,Humulus
See Moral Philosophy,1,Moral Philosophy
See Curlew,1,Curlew
"See Clock and
Watch making",1,"Clock and
Watch making"
See Hyacinthus,1,Hyacinthus
See Tall and High,1,Tall and High
"See Preroga
tive",1,"Preroga
tive"
See Fusion,1,Fusion
See PL no,1,PL no
"See the
article Adjutant",1,"the
article Adjutant"
"See Phoenix
Palma isle",1,"Phoenix
Palma isle"
See Taxus,1,Taxus
See Aulic,1,Aulic
See Apamea,1,Apamea
See next article,1,next article
See Gem,1,Gem
"See Leu-
CACANTHA",1,"Leu-
CACANTHA"
See Sassafras,1,Sassafras
